"feed_id","guid"
"0d68d1","487c14d6-f1a3-5f4d-8ff3-802f8dd54fa4■■■■■■■■■■c8569ff5-f296-5d8e-9b9e-618b69e3b350■■■■■■■■■■33f3d33f-87b1-501b-81c8-0ea8824beaa7■■■■■■■■■■d515fdba-5795-556b-962a-da34cbd5f891■■■■■■■■■■ff3e9162-5aa4-582c-ac25-36fb45b9f36c"
"8c4aa4","7ffe2061-db56-4978-8910-1231dfe9bcd4■■■■■■■■■■1c4b7b1c-f9c3-4c86-ae67-1f4271bd4b73■■■■■■■■■■c6bea53e-23f2-4798-b4b7-69acd402c3c9■■■■■■■■■■61f3356f-f9f7-422c-b374-6a7cbbb62cd1■■■■■■■■■■e34aa6e8-9454-48c6-b81c-b99ab691ffb7"
"040903","b053ffc8-ee21-4985-8655-fae382073938■■■■■■■■■■7c136c6c-6a8d-4fa9-8400-d68457aa2243■■■■■■■■■■70753735-3e50-42ce-a138-7e7df79c636c■■■■■■■■■■2e6e93b6-8f57-4985-a002-c4077ab5cb5b■■■■■■■■■■4456342c-2a42-47c1-b1c3-dd89bd5b0416"
"81690a","d98ce328-5c9f-11ea-a173-23ebde72d8f1■■■■■■■■■■8d03c02c-61a8-11ea-b2d3-abbb4272983a■■■■■■■■■■3eec965e-6aed-11ea-a618-07e9c93088aa■■■■■■■■■■c5fb5dd4-ba38-11ea-aebb-97602c3974ac■■■■■■■■■■6577a1e0-bcf5-11ec-bb8b-ef014a5703c8"
"37e27d","c0fb9b8c-80d9-4964-8b12-75daf27ffd4f■■■■■■■■■■1b4af26a-c664-480d-acea-ba3c02bea988■■■■■■■■■■f8b57e82-e4f8-4241-97e3-4b1f87fdfde9■■■■■■■■■■41032776-25f0-4911-a8fe-0b4c5675bbc0■■■■■■■■■■79c7243e-70a7-487e-bce4-0a636216bde2"
"a26d8b","2d610744-84d4-11ee-ba85-bb9b9c12fc9c■■■■■■■■■■25d52a32-d1e1-11ee-a131-a757fc8b6a03■■■■■■■■■■b3ff8564-d1b4-11ee-a817-b35116e73ec1■■■■■■■■■■3f913e86-d770-11ee-9daa-93a8eca1edad■■■■■■■■■■40730b8a-d839-11ee-9278-5716b3c458ba"
"0aa8bd","a7da1a65-ab72-4efb-b568-ae19ff541ec1■■■■■■■■■■6d591ebe-f827-4b35-8e5d-30d7808e9ac7■■■■■■■■■■196aac9d-707d-499c-836c-14f02d7e108e■■■■■■■■■■cab93d47-e841-4de7-9c0f-3a13f9111cb5■■■■■■■■■■fa64fc27-408b-48ac-ae37-556cb156b25f"
"7ce686","c6c994b3-f304-4c80-add1-b02e00bbaf8b■■■■■■■■■■24e298e9-2a95-432d-98b2-b03500f441d3■■■■■■■■■■895a0302-a9a1-4ca8-9f57-b03c010cb34b■■■■■■■■■■43b27323-b9a9-4277-80e2-b04200943114■■■■■■■■■■a4edcdac-1d74-4e15-ab00-b0420095289a"
"1c53cf","a5b20294-a9a4-11ee-8a24-bb4fcbd5db4c■■■■■■■■■■a64e057c-a9a4-11ee-8a24-57f1f346e442■■■■■■■■■■a68084fc-a9a4-11ee-8a24-33c8b35ea751■■■■■■■■■■a6e4bdfa-a9a4-11ee-8a24-c346524c1b02■■■■■■■■■■a713f5fc-a9a4-11ee-8a24-bbf55ba4dfed"
"77a607","9bb230b8-caae-11ee-b990-27f2bc6bd947■■■■■■■■■■9bb22b54-caae-11ee-b990-efa6327abc28■■■■■■■■■■9bb21dc6-caae-11ee-b990-e330f63a83c9■■■■■■■■■■fde55850-59c5-40d0-8c62-fa020788dff7■■■■■■■■■■49b53c04-6a24-4d7f-9d84-059bd5dbcb17"
"1ed195","4d9279b6-bb65-4be8-aa72-f8d63a8628ae■■■■■■■■■■dd4961b6-2369-4ea6-b62a-ae16a30da52f■■■■■■■■■■9497d482-74df-4310-9fb0-6a04036b88a2■■■■■■■■■■b52db758-83f0-4f84-ad55-9dbd4b54889c■■■■■■■■■■91898458-ab98-4773-8df4-0d17ae354150"
"eb1eab","9b6b57cf-86a4-430a-9b57-03b91d6a702f■■■■■■■■■■e3aae590-50d1-42f3-a8a3-4712ff687efd■■■■■■■■■■1a1ddee7-0a9f-45a1-9190-aab70afe8408■■■■■■■■■■fb01e9fb-1e3a-43b9-960e-a96f4d6bc1c0■■■■■■■■■■561c1f2b-4357-4987-99da-9a4278a6c5eb"
"092e5d","tag:soundcloud,2010:tracks/1636456548■■■■■■■■■■tag:soundcloud,2010:tracks/1649065125■■■■■■■■■■tag:soundcloud,2010:tracks/1652954502■■■■■■■■■■tag:soundcloud,2010:tracks/1698030675■■■■■■■■■■tag:soundcloud,2010:tracks/1719051813"
"4ddd25","ec92a37d-6599-47d4-af45-5d8d78c7a7b6■■■■■■■■■■4f9fa975-811b-4e3d-9c7e-c78af96f5f09■■■■■■■■■■fbf9aae3-7228-4754-8ef9-4ee9858e7d1c■■■■■■■■■■7a3aab7e-1259-4003-b39f-3cdd967b27d3■■■■■■■■■■0b98e118-c773-42fc-a8f7-da5a3e739c1e"
"a9e11d","18f31762-286a-40c6-bdb1-3ace4ab858dc■■■■■■■■■■1e52f203-7de7-4409-ac6e-8f18078d6d81■■■■■■■■■■ec4d5a05-5e66-4f1b-9fdf-4a1de0d7f045■■■■■■■■■■061b11ce-74c9-4732-b6c5-4871789e29a3■■■■■■■■■■39b0143d-83f7-4a47-b645-1b6127dc91d7"
"6a1efa","https://datashat.net/music_for_programming_66-conrad_clipper.mp3■■■■■■■■■■https://datashat.net/music_for_programming_67-datassette.mp3■■■■■■■■■■https://datashat.net/music_for_programming_68-no_data_available.mp3■■■■■■■■■■https://datashat.net/music_for_programming_69-pearl_river_sound.mp3■■■■■■■■■■https://datashat.net/music_for_programming_70-things_disappear.mp3"